category,key,en,pt,es,fr,it
section,kb_open,the knowledge base,a base de conhecimento,la base de conocimiento,la base de connaissances,la base di conoscenza
section,kb_include,includes,inclui,incluye,comprend|inclut,include
section,kb_extends,extends,estende,extiende,étend,estende
section,contract_open,the contract,o contrato,el contrato,le contrat,il contratto
section,contract_states,states that,estabelece que,establece que,stipule que,stabilisce che
section,resources_include,includes these resources,inclui estes recursos,incluye estos recursos,comprend ces ressources|inclut ces ressources,include queste risorse
section,scenario,scenario,cenário,escenario,scénario,scenario
section,query,query,consulta,consulta,requête,interrogazione
<<<<<<< HEAD
section,ontology,the ontology is,a ontologia é,la ontología es,la taxonomie est,la tassonomia è
=======
section,ontology,the ontology is,a ontologia é,la ontología es,la taxonomie est|l'ontologie est,la tassonomia è
>>>>>>> 92331814ad247a300fe820fd74fe6908f2b1611f
section,predicates,the predicates are,os predicados são,los predicados son,les prédicats sont,i predicati sono
section,templates,the templates are,os modelos são,las plantillas son,les modèles sont,i modelli sono
section,fluents,the fluents are,os fluentes são,los fluentes son,les fluents sont,i fluenti sono
section,events,the events are,os eventos são,los eventos son,les événements sont,gli eventi sono
section,actions,the actions are,as ações são,las acciones son,les actions sont,le azioni sono
section,prolog_events,the prolog events are,os eventos prolog são,los eventos prolog son,les événements prolog sont,gli eventi prolog sono
section,constants,the constants are,as constantes são,las constantes son,les constantes sont,le costanti sono
section,functions,the functions are,as funções são,las funciones son,les fonctions sont,le funzioni sono
constant,constant_value_of,the value of,o valor de,el valor de,la valeur de,il valore di
section,meta_target,the target language is,a linguagem alvo é,el lenguaje objetivo es,la langue cible est,il linguaggio obiettivo è
section,marker,section,secção|seção,sección,section,sezione
section,marker_is,is,é,es,est,è
<<<<<<< HEAD
section,annexes,the annexes to the contract are|the annexes to the knowledge base are,os anexos ao contrato são|os anexos à base de conhecimento são,los anexos al contrato son|los anexos a la base de conocimiento son,les annexes au contrat sont|les annexes à la base de connaissances sont,gli allegati al contratto sono|gli allegati alla base di conoscenza sono
section,guard,the knowledge|the contract|scenario|query|the ontology|the predicates|the templates|the functions|the fluents|the events|the actions|the prolog|the target|the constants are,a base de conhecimento|o contrato|cenário|consulta|a ontologia é|os predicados são|os modelos são|as funções são|os fluentes são|os eventos são|as ações são|os eventos prolog|a linguagem alvo|as constantes são,la base de conocimiento|el contrato|escenario|consulta|la ontología es|los predicados son|las plantillas son|las funciones son|los fluentes son|los eventos son|las acciones son|los eventos prolog|el lenguaje objetivo|las constantes son,la base de connaissances|le contrat|scénario|requête|la taxonomie est|les prédicats sont|les modèles sont|les fonctions sont|les fluents sont|les événements sont|les actions sont|les événements prolog|la langue cible|les constantes sont,la base di conoscenza|il contratto|scenario|interrogazione|la tassonomia è|i predicati sono|i modelli sono|le funzioni sono|i fluenti sono|gli eventi sono|le azioni sono|gli eventi prolog|il linguaggio obiettivo|le costanti sono
section,reserved_word,knowledge|contract|ontology|predicates|templates|functions|fluents|events|actions|prolog|target,base|contrato|ontologia|predicados|modelos|funções|fluentes|eventos|linguagem,base|contrato|ontología|predicados|plantillas|funciones|fluentes|eventos|lenguaje,base|contrat|taxonomie|prédicats|modèles|fonctions|fluents|événements|langue,base|contratto|tassonomia|predicati|modelli|funzioni|fluenti|eventi|linguaggio
expect,expects,expects,espera,espera,attend,attende
expect,answers,answers,respostas,respuestas,réponses,risposte
expect,and_unknowns,and unknowns,e desconhecidos,y desconocidos,et inconnues|et inconnus,e sconosciuti|e sconosciute
expect,and_any_unknowns,and any unknowns,e quaisquer desconhecidos,y cualesquiera desconocidos,et toutes inconnues|et tous inconnus,e qualsiasi sconosciuto|e qualunque sconosciuto
rule,rule,rule,regra,regla,règle,regola
rule,if,if,se,si,si,se
rule,only_if,only if,apenas se|somente se,solo si|sólo si,seulement si|uniquement si,solo se|soltanto se
rule,unless,unless,a menos que|salvo se,a menos que|salvo que,à moins que|sauf si,a meno che|salvo che
rule,and_unless,and unless,e a menos que|e salvo se,y a menos que|y salvo que,et à moins que|et sauf si,e a meno che|e salvo che
connective,and,and,e,y,et,e
connective,or,or,ou,o,ou,o|oppure
connective,either,either,uma das seguintes|um dos seguintes,una de las siguientes|uno de los siguientes,une des suivantes|un des suivants,una delle seguenti|uno dei seguenti
connective,any_of,any of,alguma das seguintes|algum dos seguintes,alguna de las siguientes|alguno de los siguientes,une quelconque des suivantes|un quelconque des suivants,qualcuna delle seguenti|qualcuno dei seguenti
connective,all_of,all of,todas as seguintes|todos os seguintes,todas las siguientes|todos los siguientes,toutes les suivantes|tous les suivants,tutte le seguenti|tutti i seguenti
connective,at_least_one_of,at least one of,pelo menos uma das seguintes|pelo menos um dos seguintes,al menos una de las siguientes|al menos uno de los siguientes,au moins une des suivantes|au moins un des suivants,almeno una delle seguenti|almeno uno dei seguenti
connective,one,one,uma|um,una|uno,une|un,una|uno
connective,of,of,de,de,de,di
connective,all,all,todas|todos,todas|todos,toutes|tous,tutte|tutti
naf,not_the_case,it is not the case that|not the case that,não é o caso que|não se verifica que,no es el caso que|no se cumple que,il est faux que|il est exclu que,non è il caso che|non risulta che
forall,forall,for all cases in which,para todos os casos em que,para todos los casos en que,pour tous les cas où,per tutti i casi in cui
forall,it_the_case,it is the case that,é o caso que|verifica-se que,es el caso que|se cumple que,il est le cas que,è il caso che|risulta che
=======
section,annexes,the annexes to the contract are|the annexes to the knowledge base are,os anexos ao contrato são|os anexos à base de conhecimento são,los anexos al contrato son|los anexos a la base de conocimiento son,les annexes au contrat sont|les annexes du contrat sont|les annexes à la base de connaissances sont,gli allegati al contratto sono|gli allegati alla base di conoscenza sono
section,guard,the knowledge|the contract|scenario|query|the ontology|the predicates|the templates|the functions|the fluents|the events|the actions|the prolog|the target|the constants are,a base de conhecimento|o contrato|cenário|consulta|a ontologia é|os predicados são|os modelos são|as funções são|os fluentes são|os eventos são|as ações são|os eventos prolog|a linguagem alvo|as constantes são,la base de conocimiento|el contrato|escenario|consulta|la ontología es|los predicados son|las plantillas son|las funciones son|los fluentes son|los eventos son|las acciones son|los eventos prolog|el lenguaje objetivo|las constantes son,la base de connaissances|le contrat|scénario|requête|la taxonomie est|l'ontologie est|les prédicats sont|les modèles sont|les fonctions sont|les fluents sont|les événements sont|les actions sont|les événements prolog|la langue cible|les constantes sont,la base di conoscenza|il contratto|scenario|interrogazione|la tassonomia è|i predicati sono|i modelli sono|le funzioni sono|i fluenti sono|gli eventi sono|le azioni sono|gli eventi prolog|il linguaggio obiettivo|le costanti sono
section,reserved_word,knowledge|contract|ontology|predicates|templates|functions|fluents|events|actions|prolog|target,base|contrato|ontologia|predicados|modelos|funções|fluentes|eventos|linguagem,base|contrato|ontología|predicados|plantillas|funciones|fluentes|eventos|lenguaje,base|contrat|taxonomie|prédicats|modèles|fonctions|fluents|événements|langue,base|contratto|tassonomia|predicati|modelli|funzioni|fluenti|eventi|linguaggio
expect,expects,expects,espera,espera,attend,attende
expect,answers,answers,respostas,respuestas,les réponses|réponses,risposte
expect,and_unknowns,and unknowns,e desconhecidos,y desconocidos,et les inconnues|et inconnues|et inconnus,e sconosciuti|e sconosciute
expect,and_any_unknowns,and any unknowns,e quaisquer desconhecidos,y cualesquiera desconocidos,et quelles que soient les inconnues|et toutes inconnues|et tous inconnus,e qualsiasi sconosciuto|e qualunque sconosciuto
rule,rule,rule,regra,regla,règle,regola
rule,if,if,se,si,si,se
rule,only_if,only if,apenas se|somente se,solo si|sólo si,seulement si|uniquement si,solo se|soltanto se
rule,unless,unless,a menos que|salvo se,a menos que|salvo que,sauf si,a meno che|salvo che
rule,and_unless,and unless,e a menos que|e salvo se,y a menos que|y salvo que,et sauf si,e a meno che|e salvo che
connective,and,and,e,y,et,e
connective,or,or,ou,o,ou,o|oppure
connective,either,either,uma das seguintes|um dos seguintes,una de las siguientes|uno de los siguientes,une des conditions suivantes|une des suivantes|un des suivants,una delle seguenti|uno dei seguenti
connective,any_of,any of,alguma das seguintes|algum dos seguintes,alguna de las siguientes|alguno de los siguientes,l'une quelconque des conditions suivantes|une quelconque des suivantes|un quelconque des suivants,qualcuna delle seguenti|qualcuno dei seguenti
connective,all_of,all of,todas as seguintes|todos os seguintes,todas las siguientes|todos los siguientes,toutes les conditions suivantes|toutes les suivantes|tous les suivants,tutte le seguenti|tutti i seguenti
connective,at_least_one_of,at least one of,pelo menos uma das seguintes|pelo menos um dos seguintes,al menos una de las siguientes|al menos uno de los siguientes,au moins une des conditions suivantes|au moins une des suivantes|au moins un des suivants,almeno una delle seguenti|almeno uno dei seguenti
connective,one,one,uma|um,una|uno,une|un,una|uno
connective,of,of,de,de,de,di
connective,all,all,todas|todos,todas|todos,toutes|tous,tutte|tutti
naf,not_the_case,it is not the case that|not the case that,não é o caso que|não se verifica que,no es el caso que|no se cumple que,il n'est pas vrai que|il est faux que|il est exclu que,non è il caso che|non risulta che
forall,forall,for all cases in which,para todos os casos em que,para todos los casos en que,pour tous les cas où|dans tous les cas où,per tutti i casi in cui
forall,it_the_case,it is the case that,é o caso que|verifica-se que,es el caso que|se cumple que,il est avéré que,è il caso che|risulta che
>>>>>>> 92331814ad247a300fe820fd74fe6908f2b1611f
forall,for_case,for case,para o caso,para el caso,pour le cas,per il caso
forall,it_is_true_that,it is true that,é verdade que,es verdad que,il est vrai que,è vero che
unknown,it_is,it is,é,es,il est,è
unknown,whether,whether,se,si,si,se
template_addition,known_as,known as,conhecido como,conocido como,connu comme,noto come
template_addition,by_default,by default,por omissão|por defeito|por padrão,por defecto,par défaut,per impostazione predefinita|di default
template_addition,defines_global,defines global,define global,define global,définit global,definisce globale
template_addition,opposite,opposite,oposto,opuesto,opposé,opposto
template_addition,synonym,synonym,sinónimo|sinônimo,sinónimo,synonyme,sinonimo
template_addition,prepositional,prepositional|composite,preposicional|composto|composta,preposicional|compuesto|compuesta,prépositionnel|prépositionnelle|composé|composée,preposizionale|composto|composta
<<<<<<< HEAD
template_addition,unknown,unknown|assumed|assumable,desconhecido|desconhecida|assumido|assumida|assumível,desconocido|desconocida|asumido|asumida|asumible,inconnu|inconnue|supposé|supposée|supposable,sconosciuto|sconosciuta|assunto|assunta|assumibile
=======
template_addition,unknown,unknown|assumed|assumable,desconhecido|desconhecida|assumido|assumida|assumível,desconocido|desconocida|asumido|asumida|asumible,inconnu|inconnue|supposé|supposée|supposable|présumé|présumée,sconosciuto|sconosciuta|assunto|assunta|assumibile
>>>>>>> 92331814ad247a300fe820fd74fe6908f2b1611f
template_addition,undefined,undefined|scenario element,indefinido|indefinida|elemento de cenário,indefinido|indefinida|elemento de escenario,indéfini|indéfinie|élément de scénario,indefinito|indefinita|elemento di scenario
class,article,a|an|the|some,um|uma|o|a|os|as|uns|umas|algum|alguma,un|una|el|la|los|las|unos|unas|algún|alguna,un|une|le|la|les|quelque,un|una|uno|il|lo|la|i|gli|le|qualche
class,ignorable,a|an|the|are|was|were|has|have|had|do|does|did|been,um|uma|o|a|os|as|são|era|eram|foi|foram|tem|têm|tinha|tinham|sido,un|una|el|la|los|las|son|era|eran|fue|fueron|tiene|tienen|tenía|tenían|sido,un|une|le|la|les|sont|était|étaient|fut|furent|a|ont|avait|avaient|été,un|una|uno|il|lo|la|i|gli|le|sono|era|erano|fu|furono|ha|hanno|aveva|avevano|stato|stata
class,reserved,says|that|if|and|or|unless,diz|que|se|e|ou,dice|que|si|y|o,dit|que|si|et|ou,dice|che|se|e|o
<<<<<<< HEAD
class,qualifier,first|second|third|fourth|fifth|sixth|seventh|eighth|ninth|tenth|other|another|new|previous|next|current|last|same|original|single|given,primeiro|primeira|segundo|segunda|terceiro|terceira|quarto|quarta|quinto|quinta|sexto|sexta|sétimo|sétima|oitavo|oitava|nono|nona|décimo|décima|outro|outra|novo|nova|anterior|próximo|próxima|atual|último|última|mesmo|mesma|original|único|única|dado|dada,primero|primera|segundo|segunda|tercero|tercera|cuarto|cuarta|quinto|quinta|sexto|sexta|séptimo|séptima|octavo|octava|noveno|novena|décimo|décima|otro|otra|nuevo|nueva|anterior|próximo|próxima|siguiente|actual|último|última|mismo|misma|original|único|única|dado|dada,premier|première|deuxième|second|seconde|troisième|quatrième|cinquième|sixième|septième|huitième|neuvième|dixième|autre|nouveau|nouvelle|précédent|précédente|prochain|prochaine|suivant|suivante|actuel|actuelle|dernier|dernière|même|original|originale|unique|donné|donnée,primo|prima|secondo|seconda|terzo|terza|quarto|quarta|quinto|quinta|sesto|sesta|settimo|settima|ottavo|ottava|nono|nona|decimo|decima|altro|altra|nuovo|nuova|precedente|prossimo|prossima|successivo|successiva|attuale|ultimo|ultima|stesso|stessa|originale|unico|unica
=======
class,qualifier,first|second|third|fourth|fifth|sixth|seventh|eighth|ninth|tenth|other|another|new|previous|next|current|last|same|original|single|given,primeiro|primeira|segundo|segunda|terceiro|terceira|quarto|quarta|quinto|quinta|sexto|sexta|sétimo|sétima|oitavo|oitava|nono|nona|décimo|décima|outro|outra|novo|nova|anterior|próximo|próxima|atual|último|última|mesmo|mesma|original|único|única|dado|dada,primero|primera|segundo|segunda|tercero|tercera|cuarto|cuarta|quinto|quinta|sexto|sexta|séptimo|séptima|octavo|octava|noveno|novena|décimo|décima|otro|otra|nuevo|nueva|anterior|próximo|próxima|siguiente|actual|último|última|mismo|misma|original|único|única|dado|dada,premier|première|deuxième|second|seconde|troisième|quatrième|cinquième|sixième|septième|huitième|neuvième|dixième|autre|nouveau|nouvel|nouvelle|précédent|précédente|prochain|prochaine|suivant|suivante|actuel|actuelle|dernier|dernière|même|original|originale|unique|donné|donnée,primo|prima|secondo|seconda|terzo|terza|quarto|quarta|quinto|quinta|sesto|sesta|settimo|settima|ottavo|ottava|nono|nona|decimo|decima|altro|altra|nuovo|nuova|precedente|prossimo|prossima|successivo|successiva|attuale|ultimo|ultima|stesso|stessa|originale|unico|unica
>>>>>>> 92331814ad247a300fe820fd74fe6908f2b1611f
class,copula,is|are|was|were,é|são|era|eram|foi|foram|está|estão|estava|estavam,es|son|era|eran|fue|fueron|está|están|estaba|estaban,est|sont|était|étaient|fut|furent,è|sono|era|erano|fu|furono|sta|stanno
class,definite_article,the,o|a|os|as,el|la|los|las,le|la|les,il|lo|la|i|gli|le
class,determiner_definite,this,este|esta|esse|essa,este|esta|ese|esa,ce|cette|cet,questo|questa|quel|quella
class,each,each,cada,cada,chaque,ogni|ciascun|ciascuna
class,wh_var,which|what,qual|quais,cuál|cuáles|qué,quel|quelle|quels|quelles,quale|quali
class,who,who,quem,quién,qui,chi
class,what,what,quê,qué,quoi,cosa
class,when,when,quando,cuándo,quand,quando
class,where,where,onde,dónde,où,dove
class,which,which,qual|quais,cuál|cuáles,quel|quelle|quels|quelles,quale|quali
class,meta_marker,that|says,que|diz,que|dice,que|dit,che|dice
class,that,that,que,que,que,che
isa,is_a,is a|is an|is of,é um|é uma|é de,es un|es una|es de,est un|est une|est de,è un|è una|è uno|è di
aggregate,sum,sum,soma,suma,somme,somma
<<<<<<< HEAD
aggregate,count,count,contagem,recuento|cuenta,compte|nombre,conteggio|conto
=======
aggregate,count,count,contagem,recuento|cuenta,nombre|compte,conteggio|conto
>>>>>>> 92331814ad247a300fe820fd74fe6908f2b1611f
aggregate,average,average,média,promedio|media,moyenne,media
aggregate,min,minimum|min,mínimo|mín,mínimo|mín,minimum|min,minimo|min
aggregate,max,maximum|max,máximo|máx,máximo|máx,maximum|max,massimo|max
aggregate,list,list,lista,lista,liste,lista
aggregate,is_the,is the,é a|é o,es la|es el,est la|est le,è la|è il
aggregate,of_each,of each,de cada,de cada,de chaque,di ogni|di ciascun
<<<<<<< HEAD
aggregate,such_that,such that,tal que|tais que,tal que|tales que,tel que|telle que|tels que,tale che|tali che
answer,assuming,assuming,assumindo,asumiendo|suponiendo,en supposant|supposant,assumendo|supponendo
answer,assuming_and,and,e,y,et,e
class,article_narrow,a|an|the,um|uma|o|a|os|as,un|una|el|la|los|las,un|une|le|la|les,un|una|uno|il|lo|la|i|gli|le
class,connective_heuristic,a|an|the|in|on|at|to|from|of|by|for|with|between|and|or|is|are|was|were|that|than|as|into|over|under|within,um|uma|o|a|os|as|em|no|na|nos|nas|para|de|do|da|dos|das|por|com|entre|e|ou|é|são|era|eram|que|como|sob|sobre|dentro,un|una|el|la|los|las|en|del|al|para|de|por|con|entre|y|o|es|son|era|eran|que|como|sobre|bajo|dentro,un|une|le|la|les|dans|en|au|aux|du|des|pour|de|par|avec|entre|et|ou|est|sont|était|étaient|que|comme|sous|sur,un|una|uno|il|lo|la|i|gli|le|in|nel|nella|per|di|del|della|da|con|tra|fra|e|o|è|sono|era|erano|che|come|sotto|sopra|dentro
=======
aggregate,such_that,such that,tal que|tais que,tal que|tales que,tel que|telle que|tels que|telles que,tale che|tali che
answer,assuming,assuming,assumindo,asumiendo|suponiendo,en supposant que|en supposant|supposant,assumendo|supponendo
answer,assuming_and,and,e,y,et,e
class,article_narrow,a|an|the,um|uma|o|a|os|as,un|una|el|la|los|las,un|une|le|la|les,un|una|uno|il|lo|la|i|gli|le
class,connective_heuristic,a|an|the|in|on|at|to|from|of|by|for|with|between|and|or|is|are|was|were|that|than|as|into|over|under|within,um|uma|o|a|os|as|em|no|na|nos|nas|para|de|do|da|dos|das|por|com|entre|e|ou|é|são|era|eram|que|como|sob|sobre|dentro,un|una|el|la|los|las|en|del|al|para|de|por|con|entre|y|o|es|son|era|eran|que|como|sobre|bajo|dentro,un|une|le|la|les|dans|en|au|aux|du|des|pour|de|par|avec|entre|et|ou|est|sont|était|étaient|que|comme|sous|sur|à|après|avant|depuis|selon|chez|sans|vers|envers,un|una|uno|il|lo|la|i|gli|le|in|nel|nella|per|di|del|della|da|con|tra|fra|e|o|è|sono|era|erano|che|come|sotto|sopra|dentro
>>>>>>> 92331814ad247a300fe820fd74fe6908f2b1611f
fact_addition,image,image,imagem,imagen,image,immagine
lps,lps_when,when,quando,cuando,quand,quando
lps,lps_then,then,então,entonces,alors,allora
lps,lps_if,if,se,si,si,se
lps,lps_initially,initially,inicialmente,inicialmente,initialement,inizialmente
lps,lps_must_not,it must not be true that,não pode ser verdade que,no puede ser cierto que,il ne doit pas être vrai que,non deve essere vero che
lps,lps_goal,the goal is that,o objetivo é que,el objetivo es que,le but est que,l'obiettivo è che
lps,lps_initiate,initiate,iniciar,iniciar,initier,iniziare
lps,lps_terminate,terminate,terminar,terminar,terminer,terminare
lps,lps_that_is,that is,que é,que es,qui est,che è
lps,lps_becomes,becomes,torna-se,se convierte en,devient,diventa
lps,lps_at,at,em,en,à,a
lps,lps_from,from,de,desde,de,da
lps,lps_to,to,até,hasta,jusqu'à,fino a
lps,lps_max_time,the maximum time is,o tempo máximo é,el tiempo máximo es,le temps maximum est,il tempo massimo è
lps,lps_max_real_time,the maximum real time is,o tempo real máximo é,el tiempo real máximo es,le temps réel maximum est,il tempo reale massimo è
lps,lps_min_cycle_time,the minimum cycle time is,o tempo mínimo de ciclo é,el tiempo mínimo de ciclo es,le temps de cycle minimum est,il tempo minimo di ciclo è
lps,lps_this_law_replaces,this law replaces law,esta lei substitui a lei,esta ley sustituye la ley,cette loi remplace la loi,questa legge sostituisce la legge
lps,lps_this_constraint_replaces,this constraint replaces constraint,esta restrição substitui a restrição,esta restricción sustituye la restricción,cette contrainte remplace la contrainte,questo vincolo sostituisce il vincolo
lps,lps_of,of,de,de,de,di
section,provenance_required,scenario facts require provenance,os factos do cenário exigem proveniência|os fatos do cenário exigem proveniência,los hechos del escenario requieren procedencia,les faits du scénario exigent une provenance,i fatti dello scenario richiedono una provenienza
template_addition,memorable,memorable|memoised|memoized|cached,memorável|memorizável|memorizado|memorizada,memorable|memorizable|memorizado|memorizada,mémorisable|mémorisé|mémorisée,memorabile|memorizzabile|memorizzato|memorizzata
<<<<<<< HEAD
template_addition,judged,judged|open textured|evaluative,julgado|julgada|avaliativo|avaliativa,juzgado|juzgada|evaluativo|evaluativa,jugé|jugée|évaluatif|évaluative,giudicato|giudicata|valutativo|valutativa
provenance,according_to,according to,de acordo com|segundo,de acuerdo con|según,selon|suivant,secondo|stando a
provenance,as_stated_in,as stated in,conforme consta em|conforme consta no|conforme consta na,como consta en|según consta en,comme indiqué dans,come indicato in|come risulta da
provenance,at_locator,at,em|na|no,en,à|au,a|al|alla
provenance,because,because,porque,porque,parce que|car,perché|poiché
provenance,with_provenance,with provenance,com proveniência,con procedencia,avec provenance,con provenienza
=======
template_addition,judged,judged|open textured|evaluative,julgado|julgada|avaliativo|avaliativa,juzgado|juzgada|evaluativo|evaluativa,jugé|jugée|évaluatif|évaluative|apprécié|appréciée,giudicato|giudicata|valutativo|valutativa
provenance,according_to,according to,de acordo com|segundo,de acuerdo con|según,selon,secondo|stando a
provenance,as_stated_in,as stated in,conforme consta em|conforme consta no|conforme consta na,como consta en|según consta en,comme indiqué dans,come indicato in|come risulta da
provenance,at_locator,at,em|na|no,en,à,a|al|alla
provenance,because,because,porque,porque,au motif que|parce que|car,perché|poiché
provenance,with_provenance,with provenance,com proveniência,con procedencia,avec pour source|avec provenance,con provenienza
>>>>>>> 92331814ad247a300fe820fd74fe6908f2b1611f
provenance,confer,confer,confer|confira,confer|véase,confer|voir,confer|confronta
connective,otherwise,otherwise,caso contrário|senão,de lo contrario|si no,sinon|autrement,altrimenti
table,table_open,the table,a tabela,la tabla,la table,la tabella
table,table_word,table,tabela,tabla,table,tabella
table,table_loaded_from,loaded from,carregada de|carregada a partir de,cargada de|cargada desde,chargée depuis|chargée de,caricata da
table,table_with,with,com,con,avec,con
table,first_match,first match,primeira correspondência,primera coincidencia,première correspondance,prima corrispondenza
table,all_matches,all matches,todas as correspondências,todas las coincidencias,toutes les correspondances,tutte le corrispondenze
table,unique_match,unique match,correspondência única,coincidencia única,correspondance unique,corrispondenza unica
table,table_any,any,qualquer,cualquiera,quelconque,qualsiasi
decision_section,section_applicability,applicability,aplicabilidade,aplicabilidad,applicabilité,applicabilità
decision_section,section_question,question,questão,cuestión,question,questione
<<<<<<< HEAD
decision_section,section_remedy,remedy,remédio|reparação,remedio|reparación,remède|réparation,rimedio
=======
decision_section,section_remedy,remedy,remédio|reparação,remedio|reparación,conséquences|remède|réparation,rimedio
>>>>>>> 92331814ad247a300fe820fd74fe6908f2b1611f
section,services_include,includes these services,inclui estes serviços,incluye estos servicios,comprend ces services|inclut ces services,include questi servizi
service,service_at,at,em,en,à,a
service,service_as,as a|as an|as,como um|como uma|como,como un|como una|como,comme un|comme une|comme,come un|come una|come
template_addition,via_service,via service,via serviço|através do serviço,vía servicio|mediante el servicio,via le service|via service,tramite il servizio|via servizio
service,kind_semantic_matcher,semantic matcher,comparador semântico,comparador semántico,comparateur sémantique,comparatore semantico
query,flip_query,which minimal change to the scenario makes it the case that|which minimal changes to the scenario make it the case that,que alteração mínima ao cenário faz com que|que alterações mínimas ao cenário fazem com que,qué cambio mínimo al escenario hace que|qué cambios mínimos al escenario hacen que,quel changement minimal du scénario fait que|quels changements minimaux du scénario font que,quale cambiamento minimo dello scenario fa sì che|quali cambiamenti minimi dello scenario fanno sì che
<<<<<<< HEAD
expect,changes,changes,alterações,cambios,changements,cambiamenti
=======
expect,changes,changes,alterações,cambios,les changements|changements,cambiamenti
>>>>>>> 92331814ad247a300fe820fd74fe6908f2b1611f
view,view_open,the view,a vista,la vista,la vue,la vista
view,view_title,the title is,o título é,el título es,le titre est,il titolo è
view,view_case_scenario,the case is a scenario,o caso é um cenário,el caso es un escenario,le cas est un scénario,il caso è uno scenario
view,view_with_documents,with the documents it is stated in|with the document it is stated in,com os documentos em que consta|com o documento em que consta,con los documentos en que consta|con el documento en que consta,avec les documents où il est énoncé|avec le document où il est énoncé,con i documenti in cui è indicato|con il documento in cui è indicato
view,view_case_about,the case is about,o caso é sobre,el caso trata de,le cas porte sur,il caso riguarda
view,view_facts_about,the facts about,os factos sobre|os fatos sobre,los hechos sobre,les faits concernant,i fatti su
view,view_are,are,são,son,sont,sono
view,view_judgments,the judgments are,os juízos são,los juicios son,les jugements sont,i giudizi sono
view,view_other_facts,the other facts can be added,os outros factos podem ser acrescentados|os outros fatos podem ser acrescentados,los demás hechos pueden añadirse,les autres faits peuvent être ajoutés,gli altri fatti possono essere aggiunti
view,view_no_other_facts,the other facts cannot be added,os outros factos não podem ser acrescentados|os outros fatos não podem ser acrescentados,los demás hechos no pueden añadirse,les autres faits ne peuvent pas être ajoutés,gli altri fatti non possono essere aggiunti
view,view_sources,every fact shows who states it,cada facto mostra quem o afirma|cada fato mostra quem o afirma,cada hecho muestra quién lo afirma,chaque fait montre qui le déclare,ogni fatto mostra chi lo afferma
view,view_one_at_a_time,the facts are asked one at a time,os factos são perguntados um de cada vez|os fatos são perguntados um de cada vez,los hechos se preguntan uno a uno,les faits sont demandés un par un,i fatti sono chiesti uno alla volta
view,view_question_for,the question for,a pergunta para,la pregunta para,la question pour,la domanda per
view,view_result_query,the result is the answer to query,o resultado é a resposta à consulta,el resultado es la respuesta a la consulta,le résultat est la réponse à la requête,il risultato è la risposta alla interrogazione
view,view_headed_by,headed by,encabeçado por,encabezado por,mené par,guidato da
view,view_in,in,em,en,en,in
<<<<<<< HEAD
view,view_result_whether,the result is whether,o resultado é se,el resultado es si,le résultat est si,il risultato è se
=======
view,view_result_whether,the result is whether,o resultado é se,el resultado es si,le résultat indique si|le résultat est si,il risultato è se
>>>>>>> 92331814ad247a300fe820fd74fe6908f2b1611f
view,view_result_reads,the result reads,o resultado diz,el resultado dice,le résultat dit,il risultato dice
view,view_when_holds,when it holds,quando se verifica,cuando se cumple,quand il est vrai,quando vale
view,view_when_not,when it does not,quando não se verifica,cuando no se cumple,quand il est faux,quando non vale
view,view_citations,the result shows its citations,o resultado mostra as suas citações,el resultado muestra sus citas,le résultat montre ses citations,il risultato mostra le sue citazioni
view,view_reasons,the result shows its reasons,o resultado mostra as suas razões,el resultado muestra sus razones,le résultat montre ses raisons,il risultato mostra le sue ragioni
view,view_stage,the result shows the stage it reaches,o resultado mostra a etapa que alcança,el resultado muestra la etapa que alcanza,le résultat montre le stade atteint,il risultato mostra la fase raggiunta
view,view_missing,the result asks what is missing,o resultado pergunta o que falta,el resultado pregunta lo que falta,le résultat demande ce qui manque,il risultato chiede ciò che manca
view,view_flipped,the result can be flipped,o resultado pode ser invertido,el resultado puede invertirse,le résultat peut être inversé,il risultato può essere invertito
view,view_as,as,como,como,comme,come
view,view_compare,the result is compared with scenario,o resultado é comparado com o cenário,el resultado se compara con el escenario,le résultat est comparé au scénario,il risultato è confrontato con lo scenario
view,view_answers_to,the answers to,as respostas a,las respuestas a,les réponses à,le risposte a
<<<<<<< HEAD
view,view_listed_as,are listed as,são listadas como,se listan como,sont listées comme,sono elencate come
=======
view,view_listed_as,are listed as,são listadas como,se listan como,sont listées comme|sont listés comme,sono elencate come
>>>>>>> 92331814ad247a300fe820fd74fe6908f2b1611f
view,view_flagged,the case is flagged as,o caso é assinalado como,el caso se señala como,le cas est signalé comme,il caso è segnalato come
view,view_flag_when,when,quando,cuando,quand,quando
view,view_flag_when_query,when query,quando a consulta,cuando la consulta,quand la requête,quando la query
view,view_has_answer,has an answer,tem uma resposta,tiene una respuesta,a une réponse,ha una risposta
view,view_numbers_shown,the numbers are shown with,os números são mostrados com,los números se muestran con,les nombres sont affichés avec,i numeri sono mostrati con
view,view_decimals,decimals,casas decimais,decimales,décimales,decimali
view,view_documents,the documents of the case are shown beside the facts|the document of the case is shown beside the facts,os documentos do caso são mostrados ao lado dos factos|o documento do caso é mostrado ao lado dos factos,los documentos del caso se muestran junto a los hechos|el documento del caso se muestra junto a los hechos,les documents du cas sont montrés à côté des faits|le document du cas est montré à côté des faits,i documenti del caso sono mostrati accanto ai fatti|il documento del caso è mostrato accanto ai fatti
view,view_cases,the cases are listed with their results,os casos são listados com os seus resultados,los casos se listan con sus resultados,les cas sont listés avec leurs résultats,i casi sono elencati con i loro risultati
<<<<<<< HEAD
view,view_draft,the draft reads,o rascunho diz,el borrador dice,le brouillon dit,la bozza dice
=======
view,view_draft,the draft reads,o rascunho diz,el borrador dice,le projet dit|le brouillon dit,la bozza dice
>>>>>>> 92331814ad247a300fe820fd74fe6908f2b1611f
view,view_flip_keeps,the flip keeps,a inversão mantém,la inversión mantiene,l'inversion garde,l'inversione mantiene
view,view_section,the section,a secção|a seção,la sección,la section,la sezione
view,view_reads,reads,diz,dice,dit,dice
